WOS_ID,diversity,interaction,aggregation,self_organization,adaptation,non_linearity,hierarchy,modularity,emergence,scale_dependency,fractality,flow,dynamicity,memory,feedback,hysteresis,non_equilibrium,attractor,homeostasis,stability,resilience,tipping_point,threshold,heterarchy,network
 WOS_000651292500001,66.71798819604824,17.96253528355145,56.453682319733126,0,2.5660764690787787,33.35899409802412,0,0,5.1321529381575575,82.11444701052092,0,0,0,0,0,0,0,0,0,25.660764690787783,2.5660764690787787,0,0,0,2.5660764690787787
 WOS_000689453800028,3.0284675953967293,84.79709267110843,0,0,0,0,0,0,0,3.0284675953967293,0,0,6.0569351907934585,0,0,0,0,0,0,0,0,0,18.170805572380377,0,0
WOS_000074967900004,20.74688796680498,10.37344398340249,0,0,2.5933609958506225,0,0,0,0,31.12033195020747,0,12.966804979253112,23.3402489626556,0,0,0,0,0,0,0,0,0,0,0,0
WOS_000075314900006,0,2.782415136338342,2.782415136338342,0,5.564830272676684,0,0,0,0,0,0,0,5.564830272676684,0,0,0,0,0,0,0,0,0,0,0,0
WOS_000077344700036,0,73.3822548365577,0,0,0,0,0,0,0,0,0,0,3.33555703802535,0,0,0,0,0,0,0,0,0,0,0,0
WOS_000081587400039,0,9.345794392523365,4.672897196261682,11.682242990654204,37.38317757009346,0,70.09345794392523,0,2.336448598130841,37.38317757009346,0,56.074766355140184,30.373831775700936,0,4.672897196261682,0,0,2.336448598130841,0,21.02803738317757,0,0,4.672897196261682,0,2.336448598130841
WOS_000085077200010,7.74233508826262,83.6172189532363,0,0,0,0,0,0,0,92.90802105915144,0,3.096934035305048,24.775472282440383,0,0,0,0,0,0,7.74233508826262,0,0,1.548467017652524,0,0
WOS_000087610500009,1.8477457501847745,12.934220251293421,0,0,3.695491500369549,0,0,1.8477457501847745,3.695491500369549,7.390983000739098,0,1.8477457501847745,1.8477457501847745,0,0,0,0,0,0,0,0,0,0,0,0
WOS_000087859900008,0,9.648784253184099,3.85951370127364,0,1.92975685063682,1.92975685063682,0,0,0,3.85951370127364,0,19.297568506368197,3.85951370127364,0,0,0,0,0,0,0,0,0,0,0,86.83905827865689
WOS_000088988500014,4.62962962962963,9.25925925925926,0,9.25925925925926,4.62962962962963,0,27.77777777777778,0,9.25925925925926,4.62962962962963,0,0,4.62962962962963,0,0,0,0,0,4.62962962962963,0,0,0,0,0,4.62962962962963
WOS_000088990000006,95.93246354566385,15.349194167306216,11.511895625479662,3.837298541826554,3.837298541826554,3.837298541826554,111.28165771297006,3.837298541826554,3.837298541826554,30.69838833461243,0,0,11.511895625479662,0,0,0,0,0,0,3.837298541826554,0,0,0,0,0
WOS_000089071700030,25.751072961373392,8.583690987124463,8.583690987124463,0,8.583690987124463,8.583690987124463,0,0,0,163.09012875536482,0,0,8.583690987124463,0,0,0,0,0,0,0,0,0,0,0,0
WOS_000089733200002,76.92972599187483,58.777768173567296,2.5931368311867926,0,6.915031549831446,0,9.508168381018239,0,2.5931368311867926,21.60947359322327,0,7.779410493560377,95.94606275391132,0,2.5931368311867926,0,0.8643789437289308,0,0,35.439536692886165,60.506526061025156,0,0,0,10.37254732474717
WOS_000167394700008,0,13.915947676036739,0,0,0,16.699137211244086,2.7831895352073475,0,0,5.566379070414695,0,2.7831895352073475,30.615084887280823,0,0,0,0,0,0,2.7831895352073475,0,0,11.13275814082939,0,0
WOS_000167734400008,15.910898965791567,15.910898965791567,0,0,15.910898965791567,7.955449482895784,15.910898965791567,0,0,175.01988862370723,0,23.86634844868735,39.77724741447892,0,0,0,0,0,0,15.910898965791567,0,0,0,0,0
WOS_000169227600013,2.6308866087871614,2.6308866087871614,0,2.6308866087871614,2.6308866087871614,0,7.892659826361484,0,0,5.261773217574323,0,10.523546435148646,7.892659826361484,2.6308866087871614,0,0,0,0,2.6308866087871614,0,0,0,0,0,10.523546435148646
WOS_000169293900008,0,11.26126126126126,0,0,4.504504504504505,0,0,0,0,2.2522522522522523,0,4.504504504504505,0,0,0,0,0,0,0,2.2522522522522523,0,0,2.2522522522522523,0,0
WOS_000169644900043,40.100250626566414,0,10.025062656641603,5.012531328320802,0,0,0,0,0,10.025062656641603,0,0,5.012531328320802,0,0,0,0,0,0,0,0,0,0,0,10.025062656641603
WOS_000171834100002,9.692270414344561,0,7.26920281075842,0,4.8461352071722805,0,0,0,0,21.80760843227526,0,0,0,0,0,0,0,0,0,0,0,0,0,0,0
WOS_000172668200014,2.805049088359046,0,8.41514726507714,0,2.805049088359046,5.610098176718092,8.41514726507714,0,0,0,0,0,0,0,0,0,0,0,0,0,0,0,28.050490883590463,0,33.66058906030856
WOS_000174327300002,19.651191353475802,7.369196757553427,0,0,0,0,0,0,0,9.825595676737901,0,0,0,2.4563989191844753,0,0,0,0,0,0,0,0,0,0,0
WOS_000174825800019,0,35.69303985722784,0,0,1.98294665873488,0,0,0,0,0,0,0,0,0,0,0,0,0,0,0,0,0,0,0,0
WOS_000175905000002,54.06866720735334,13.517166801838336,8.110300081103,0,2.703433360367667,0,8.110300081103,0,43.25493376588267,232.49526899161935,113.54420113544201,0,32.441200324412,0,2.703433360367667,0,2.703433360367667,0,0,5.406866720735334,0,0,0,0,56.772100567721004
WOS_000175936300013,4.6392948271862675,6.958942240779402,0,0,30.15541637671074,0,0,0,0,4.6392948271862675,0,0,13.917884481558804,0,0,0,0,0,0,0,0,0,0,0,0
WOS_000180822900013,7.575757575757576,26.515151515151516,0,0,0,0,0,3.787878787878788,0,0,0,7.575757575757576,15.151515151515152,0,0,0,0,0,0,0,0,0,0,0,0
WOS_000181482600017,7.180469123982767,21.5414073719483,0,0,9.573958831977022,0,4.786979415988511,0,23.934897079942555,4.786979415988511,0,0,2.3934897079942554,2.3934897079942554,0,0,0,0,0,0,0,0,0,0,0
WOS_000182786900002,78.318219291014,0,0,16.488046166529266,20.61005770816158,0,12.36603462489695,0,4.122011541632316,74.1962077493817,0,12.36603462489695,37.09810387469085,0,4.122011541632316,0,0,0,0,4.122011541632316,12.36603462489695,0,4.122011541632316,0,4.122011541632316
WOS_000182960700003,4.450378282153983,2.2251891410769913,4.450378282153983,0,0,0,0,2.2251891410769913,0,51.17935024477081,0,0,13.35113484646195,0,0,0,0,0,0,0,0,0,0,0,0
WOS_000183394200006,0,15.845070422535212,0,0,7.042253521126761,0,0,21.12676056338028,0,3.5211267605633805,0,5.28169014084507,36.97183098591549,0,3.5211267605633805,0,0,0,0,0,0,0,0,0,0
WOS_000183640900009,7.097232079488999,12.7750177430802,1.4194464158978,0,7.097232079488999,0,0,0,1.4194464158978,53.93896380411639,0,39.7444996451384,14.194464158977999,0,0,0,0,0,0,2.8388928317956,0,0,2.8388928317956,0,2.8388928317956
WOS_000184120500004,17.035775127768314,78.98404831965308,0,0,29.425429766145268,0,0,1.5487068297971194,0,4.646120489391358,0,1.5487068297971194,17.035775127768314,0,0,0,0,0,0,1.5487068297971194,0,0,0,0,0
WOS_000184955500018,7.032348804500703,45.71026722925457,3.5161744022503516,0,3.5161744022503516,0,0,0,0,0,0,3.5161744022503516,42.19409282700422,0,0,0,0,0,0,3.5161744022503516,3.5161744022503516,0,0,0,0
WOS_000220091200012,19.97602876548142,1.9976028765481422,1.9976028765481422,0,0,0,5.9928086296444265,0,1.9976028765481422,123.85137834598481,0,25.96883739512585,1.9976028765481422,0,0,0,3.9952057530962843,0,0,9.98801438274071,5.9928086296444265,0,1.9976028765481422,0,1.9976028765481422
WOS_000222953700014,0,0,4.349717268377556,0,0,0,0,4.349717268377556,21.74858634188778,4.349717268377556,0,0,43.49717268377556,0,0,0,0,0,0,4.349717268377556,0,0,78.294910830796,0,0
WOS_000223250500023,3.667033370003667,0,0,0,0,0,3.667033370003667,0,0,0,0,0,7.334066740007334,0,0,0,0,0,0,0,0,0,0,0,11.001100110011
WOS_000224071800010,23.790642347343375,0,0,0,0,0,7.930214115781126,0,13.217023526301878,74.0153317472905,0,0,2.6434047052603753,0,0,0,0,0,0,0,0,0,0,0,2.6434047052603753
WOS_000224399400009,21.70767004341534,53.06319343945972,9.64785335262904,0,0,0,0,0,0,4.82392667631452,0,2.41196333815726,9.64785335262904,0,0,0,0,0,0,0,0,0,4.82392667631452,0,0
WOS_000226392700002,27.901785714285715,16.741071428571427,0,0,8.370535714285714,2.790178571428571,2.790178571428571,0,8.370535714285714,142.29910714285714,5.580357142857142,0,44.64285714285714,0,11.160714285714285,0,0,0,0,5.580357142857142,0,0,0,0,0
WOS_000226532700008,13.374944271065537,53.49977708426215,13.374944271065537,4.458314757021846,40.12483281319661,17.833259028087383,4.458314757021846,0,49.0414623272403,44.58314757021846,17.833259028087383,4.458314757021846,31.20820329915292,0,8.916629514043692,0,4.458314757021846,35.666518056174766,0,0,17.833259028087383,0,4.458314757021846,0,22.29157378510923
WOS_000226573200027,5.107252298263535,30.643513789581203,0,5.107252298263535,0,5.107252298263535,0,5.107252298263535,10.21450459652707,224.7191011235955,10.21450459652707,10.21450459652707,25.53626149131767,30.643513789581203,0,0,0,0,0,0,0,0,0,0,5.107252298263535
WOS_000227672000006,8.285004142502071,0,0,0,4.142502071251036,0,0,0,0,28.99751449875725,0,0,0,0,0,0,0,0,0,0,0,0,0,0,0
WOS_000229113000019,0,28.75629043853343,0,50.3235082674335,0,0,0,0,0,86.26887131560028,7.1890726096333575,7.1890726096333575,43.13443565780014,0,0,0,0,0,0,0,0,0,0,0,230.05032350826744
WOS_000229142300001,48.209366391184574,17.21763085399449,0,0,10.330578512396695,10.330578512396695,0,0,6.887052341597796,17.21763085399449,0,3.443526170798898,30.991735537190085,6.887052341597796,0,0,0,41.32231404958678,0,3.443526170798898,0,0,3.443526170798898,0,10.330578512396695
WOS_000229142400002,7.575757575757576,7.575757575757576,7.575757575757576,0,7.575757575757576,0,0,0,0,128.78787878787878,60.60606060606061,0,30.303030303030305,0,0,0,0,0,0,0,0,0,0,0,7.575757575757576
WOS_000229463800007,34.26857999571643,12.85071749839366,8.567144998929107,0,8.567144998929107,14.992503748125937,0,0,2.141786249732277,44.97751124437781,4.283572499464554,0,68.53715999143286,0,0,0,4.283572499464554,0,0,14.992503748125937,6.42535874919683,0,2.141786249732277,0,66.39537374170058
WOS_000229506600006,56.03448275862069,34.48275862068965,0,0,8.620689655172413,4.310344827586206,0,0,4.310344827586206,30.17241379310345,0,0,4.310344827586206,0,0,0,0,0,0,0,0,0,0,0,0
WOS_000230598700005,3.5790980672870436,3.5790980672870436,0,0,17.89549033643522,0,3.5790980672870436,0,68.00286327845383,0,0,0,7.158196134574087,0,0,0,0,0,0,0,0,0,0,0,0
WOS_000230792200006,23.277467411545626,9.31098696461825,9.31098696461825,0,0,0,0,0,9.31098696461825,9.31098696461825,9.31098696461825,0,204.84171322160148,0,0,0,0,0,0,4.655493482309125,0,0,0,0,0
WOS_000231590800008,28.831226436016856,99.8003992015968,22.177866489243737,46.57351962741184,28.831226436016856,8.871146595697493,37.70237303171435,28.831226436016856,121.97826569084054,33.266799733865604,0,2.217786648924373,79.84031936127744,0,15.524506542470615,0,0,0,0,6.65335994677312,2.217786648924373,0,2.217786648924373,2.217786648924373,28.831226436016856
WOS_000232393600010,26.022304832713754,33.457249070631974,152.4163568773234,0,0,0,0,0,0,7.434944237918216,0,0,0,0,0,0,0,0,0,0,0,0,0,0,0
WOS_000232439600005,0,19.94415636218588,79.77662544874352,0,0,0,11.966493817311527,0,0,3.9888312724371757,0,3.9888312724371757,19.94415636218588,0,0,0,0,0,0,0,0,0,0,0,3.9888312724371757
WOS_000232649400006,6.599571027883187,18.148820326678766,26.39828411153275,0,1.6498927569707968,0,0,0,0,6.599571027883187,0,23.098498597591156,169.93895396799206,0,11.549249298795578,0,0,0,0,16.49892756970797,0,0,8.249463784853985,0,0
WOS_000232979300003,4.4189129474149365,70.70260715863898,0,0,4.4189129474149365,0,0,0,0,0,0,0,8.837825894829873,2.2094564737074682,0,0,0,0,0,0,0,0,0,0,0
WOS_000233523900002,187.2042789549475,4.114379757251594,12.343139271754783,6.1715696358773915,2.057189878625797,0,59.65850648014812,0,2.057189878625797,341.4935198518823,16.457519029006377,4.114379757251594,18.514708907632176,0,0,0,0,0,0,0,0,0,6.1715696358773915,0,0
WOS_000233858400008,4.987531172069825,9.97506234413965,0,64.83790523690773,29.925187032418954,0,9.97506234413965,0,14.962593516209477,34.912718204488776,4.987531172069825,0,14.962593516209477,0,0,0,0,0,0,0,0,0,0,0,4.987531172069825
WOS_000234546300023,20.060180541624874,0,0,0,30.09027081243731,0,0,0,0,0,0,0,20.060180541624874,0,0,0,0,0,0,0,0,0,0,0,0
WOS_000234826300001,1.859427296392711,113.42506507995537,7.437709185570844,0,0,0,0,0,0,0,0,1.859427296392711,1.859427296392711,0,0,0,0,0,0,0,0,0,0,0,0
WOS_000235545700003,6.761325219743069,6.761325219743069,2.2537750732476898,0,4.5075501464953796,0,2.2537750732476898,0,0,81.13590263691684,0,0,4.5075501464953796,0,0,0,0,0,0,6.761325219743069,0,0,0,0,0
WOS_000237159800002,5.155525004296271,1.7185083347654238,5.155525004296271,0,0,0,1.7185083347654238,0,0,13.74806667812339,0,1.7185083347654238,18.90359168241966,0,0,0,0,0,0,1.7185083347654238,3.4370166695308475,0,5.155525004296271,0,18.90359168241966
WOS_000240706500010,5.880047040376323,7.840062720501764,0,1.960015680125441,7.840062720501764,13.720109760878088,1.960015680125441,0,3.920031360250882,9.800078400627205,0,9.800078400627205,31.360250882007055,0,7.840062720501764,0,0,0,0,0,0,0,0,0,19.60015680125441
WOS_000240725800006,123.52507374631269,9.218289085545722,1.8436578171091444,0,1.8436578171091444,0,0,0,0,11.061946902654867,0,1.8436578171091444,3.687315634218289,0,0,0,0,0,0,0,0,0,0,0,0
WOS_000241460400001,0,2.3142791020597087,2.3142791020597087,2.3142791020597087,2.3142791020597087,13.88567461235825,9.257116408238835,0,25.45707012265679,39.342744735015046,0,0,39.342744735015046,0,2.3142791020597087,0,0,37.02846563295534,0,0,0,0,0,0,0
WOS_000243307900001,66.82705159048383,13.365410318096766,1.3365410318096766,0,8.019246190858059,0,0,2.6730820636193533,1.3365410318096766,12.028869286287089,2.6730820636193533,1.3365410318096766,1.3365410318096766,0,0,0,0,0,0,1.3365410318096766,0,0,0,0,1.3365410318096766
WOS_000243463300003,0,89.60573476702508,0,0,0,0,0,0,0,0,0,0,0,0,0,0,0,0,0,0,0,0,0,0,17.921146953405017
WOS_000243909400029,7.9491255961844205,23.84737678855326,0,0,7.9491255961844205,0,0,0,0,63.593004769475364,0,7.9491255961844205,0,0,23.84737678855326,0,0,0,0,0,0,0,0,0,0
WOS_000245122300003,7.72499034376207,1.9312475859405176,1.9312475859405176,0,1.9312475859405176,0,0,0,0,5.793742757821553,3.862495171881035,1.9312475859405176,21.243723445345694,0,0,0,0,0,0,0,0,0,0,0,1.9312475859405176
WOS_000246766000010,3.0873726458783577,3.0873726458783577,1.5436863229391788,0,0,0,0,0,0,9.262117937635072,0,4.631058968817536,3.0873726458783577,0,0,0,0,0,0,0,0,0,0,0,0
WOS_000247488100015,58.79548704910218,3.178134435086604,4.767201652629906,0,7.945336087716511,0,1.589067217543302,0,36.54854600349594,1.589067217543302,0,15.890672175433021,9.534403305259811,0,0,0,0,0,0,1.589067217543302,3.178134435086604,0,0,0,0
WOS_000247730800016,17.743979721166035,32.953105196451205,0,0,0,0,0,0,2.5348542458808616,35.48795944233207,0,2.5348542458808616,5.069708491761723,0,0,0,0,0,0,2.5348542458808616,0,0,2.5348542458808616,0,7.604562737642585
WOS_000247905700018,0,8.720930232558139,0,0,0,5.813953488372093,0,0,0,0,0,0,0,0,0,0,0,0,0,0,0,0,0,0,0
WOS_000248677700004,19.905449116695696,9.952724558347848,0,0,2.488181139586962,7.4645434187608855,0,0,0,0,0,2.488181139586962,12.440905697934811,0,2.488181139586962,0,0,0,0,4.976362279173924,4.976362279173924,0,0,0,0
WOS_000248893300002,29.68960863697706,64.77732793522267,8.097165991902834,5.398110661268555,13.49527665317139,5.398110661268555,16.194331983805668,5.398110661268555,32.388663967611336,102.56410256410257,18.893387314439945,10.79622132253711,64.77732793522267,0,5.398110661268555,0,10.79622132253711,5.398110661268555,0,10.79622132253711,0,0,0,0,29.68960863697706
WOS_000250472700009,0,2.7337342810278837,0,0,0,2.7337342810278837,0,0,0,35.53854565336249,0,0,21.86987424822307,0,0,0,2.7337342810278837,0,0,2.7337342810278837,0,0,0,0,87.47949699289228
WOS_000250714200002,540.1322001888574,9.442870632672333,0,0,0,1.8885741265344664,9.442870632672333,0,0,0,0,0,0,0,0,0,0,0,0,0,0,0,0,0,0
WOS_000251829400006,0,32.98515667949423,0,0,10.995052226498077,0,0,0,16.492578339747116,0,0,0,0,0,0,0,0,0,0,0,0,0,0,0,0
WOS_000252558400027,2.1181952976064395,44.48210124973522,10.590976488032197,0,2.1181952976064395,0,2.1181952976064395,0,6.354585892819318,21.181952976064395,0,0,67.78224952340607,0,4.236390595212879,0,0,0,0,0,0,0,36.009320059309466,0,0
WOS_000255751600003,3.3112582781456954,0,0,0,0,0,0,0,13.245033112582782,6.622516556291391,0,0,0,0,0,0,0,0,0,0,0,0,0,0,0
WOS_000255751600011,51.037767948281726,0,0,0,0,0,0,0,0,13.610071452875127,0,0,17.01258931609391,0,0,0,0,0,0,0,0,0,0,0,0
WOS_000257860400004,0,21.238938053097346,0,24.778761061946902,14.15929203539823,3.5398230088495577,0,0,49.557522123893804,3.5398230088495577,0,0,17.699115044247787,7.079646017699115,0,0,0,0,0,0,10.619469026548673,0,0,0,7.079646017699115
WOS_000258174100009,18.013381369016987,46.32012352032939,5.146680391147711,0,0,0,0,0,0,5.146680391147711,0,2.5733401955738553,2.5733401955738553,0,0,0,0,0,0,5.146680391147711,0,0,0,0,0
WOS_000258806200003,68.74669487043892,63.45848757271285,0,0,0,26.441036488630353,37.017451084082495,0,5.288207297726071,10.576414595452142,0,0,5.288207297726071,0,89.89952406134321,0,0,0,0,0,0,0,0,0,5.288207297726071
WOS_000260122300001,13.927576601671309,64.06685236768801,8.356545961002785,19.498607242339833,0,41.78272980501393,5.571030640668524,13.927576601671309,5.571030640668524,25.069637883008358,5.571030640668524,0,122.56267409470752,8.356545961002785,5.571030640668524,0,8.356545961002785,0,0,16.71309192200557,0,0,11.142061281337048,0,11.142061281337048
WOS_000260510000004,1.966181675186787,27.526543452615023,23.59418010224145,0,0,0,0,0,3.932363350373574,19.66181675186787,0,0,17.695635076681086,0,0,0,0,0,0,5.898545025560362,0,0,0,0,0
WOS_000260690900002,72.6895119418484,103.84215991692628,0,0,0,0,0,0,0,20.768431983385256,0,0,20.768431983385256,0,0,0,0,0,0,0,0,0,0,0,0
WOS_000261955500017,0,0,0,0,0,0,0,0,8.16326530612245,0,0,0,0,0,8.16326530612245,0,0,0,0,8.16326530612245,0,0,0,0,0
WOS_000262458200125,6.19962802231866,6.19962802231866,6.19962802231866,12.39925604463732,61.99628022318661,0,0,18.598884066955982,0,12.39925604463732,0,0,80.59516429014259,0,6.19962802231866,0,0,0,6.19962802231866,12.39925604463732,0,0,0,0,37.197768133911964
WOS_000262776400002,3.2102728731942216,6.420545746388443,0,0,28.892455858747997,0,0,0,0,19.261637239165328,0,0,6.420545746388443,3.2102728731942216,6.420545746388443,0,0,0,0,0,6.420545746388443,0,3.2102728731942216,0,0
WOS_000263872900003,4.868549172346641,25.96559558584875,0,6.491398896462187,210.97046413502107,3.2456994482310937,3.2456994482310937,0,9.737098344693282,17.851346965271016,0,0,4.868549172346641,1.6228497241155468,9.737098344693282,0,0,0,0,0,24.342745861733206,0,1.6228497241155468,0,14.605647517039921
WOS_000263908400021,16.680567139282736,41.70141784820684,0,16.680567139282736,244.64831804281346,2.7800945232137892,0,0,2.7800945232137892,52.821795941062,0,2.7800945232137892,2.7800945232137892,11.120378092855157,16.680567139282736,0,0,0,0,5.5601890464275785,22.240756185710314,0,0,0,30.581039755351682
WOS_000266287700010,0,47.53673292999135,0,0,112.35955056179775,0,0,0,0,4.32152117545376,0,4.32152117545376,0,0,4.32152117545376,0,0,0,0,0,0,0,0,0,0
WOS_000267120400022,40.5295865982167,16.21183463928668,2.701972439881113,13.509862199405566,5.403944879762226,16.21183463928668,2.701972439881113,0,0,159.41637395298565,40.5295865982167,0,135.09862199405566,0,0,0,0,2.701972439881113,0,27.01972439881113,0,0,8.10591731964334,0,2.701972439881113
WOS_000267468000002,0,0,2.506265664160401,0,0,0,0,0,0,0,0,0,2.506265664160401,0,0,0,0,0,0,0,0,0,0,0,0
WOS_000269046900011,10.025062656641603,155.38847117794487,0,0,0,0,0,0,0,5.012531328320802,0,0,0,0,0,0,0,0,0,0,0,0,0,0,60.150375939849624
WOS_000270384500002,2.0362451639177355,18.32620647525962,8.144980655670942,0,42.76114844227245,4.072490327835471,0,0,2.0362451639177355,38.688658114436976,0,2.0362451639177355,30.543677458766037,4.072490327835471,2.0362451639177355,0,0,0,2.0362451639177355,0,6.108735491753207,0,4.072490327835471,0,6.108735491753207
WOS_000272473800001,4.5004500450045,20.252025202520255,2.25022502250225,4.5004500450045,81.00810081008102,0,0,0,4.5004500450045,31.5031503150315,0,0,18.001800180018,0,4.5004500450045,0,0,0,0,0,4.5004500450045,0,4.5004500450045,0,4.5004500450045
WOS_000273828800011,11.45912910618793,7.639419404125286,3.819709702062643,0,7.639419404125286,0,3.819709702062643,0,0,30.557677616501145,0,0,15.278838808250573,0,0,0,0,0,0,168.0672268907563,0,0,0,0,3.819709702062643
WOS_000273956800060,0,0,0,0,0,4.374453193350831,0,0,0,0,0,0,8.748906386701663,0,8.748906386701663,0,0,0,0,0,0,0,0,0,4.374453193350831
WOS_000273956800248,0,19.79218208807521,24.74022761009401,24.74022761009401,0,59.37654626422563,0,0,0,9.896091044037606,0,14.844136566056408,0,0,9.896091044037606,0,0,0,0,0,0,0,0,0,9.896091044037606
WOS_000275826200003,14.253135689851767,34.20752565564424,42.7594070695553,0,5.701254275940707,0,0,0,0,105.47320410490308,0,0,54.16191562143672,0,0,0,0,0,0,0,0,0,0,0,0
WOS_000275941200064,0,21.48997134670487,0,78.79656160458453,0,7.163323782234957,0,0,0,28.653295128939828,0,14.326647564469914,7.163323782234957,0,0,0,0,0,0,0,0,0,0,0,14.326647564469914
WOS_000277164000001,37.257824143070046,13.040238450074517,7.451564828614009,1.8628912071535022,9.314456035767511,0,0,1.8628912071535022,5.588673621460507,16.76602086438152,0,0,16.76602086438152,0,0,0,0,0,0,1.8628912071535022,3.7257824143070044,0,0,0,1.8628912071535022
WOS_000279387800007,26.46775745909528,4.8123195380173245,4.8123195380173245,4.8123195380173245,12.03079884504331,0,9.624639076034649,0,0,12.03079884504331,0,12.03079884504331,4.8123195380173245,0,0,0,0,0,0,9.624639076034649,0,0,0,0,2.4061597690086622
WOS_000279521900001,34.403669724770644,22.93577981651376,5.73394495412844,37.27064220183487,20.068807339449542,5.73394495412844,0,0,5.73394495412844,34.403669724770644,22.93577981651376,0,60.206422018348626,0,2.86697247706422,0,8.600917431192661,20.068807339449542,0,11.46788990825688,8.600917431192661,0,11.46788990825688,0,65.94036697247707
WOS_000279879600012,4.867364322219518,48.67364322219518,82.74519347773182,19.469457288878072,0,19.469457288878072,0,0,0,143.5872475054758,0,0,31.63786809442687,0,0,0,0,0,2.433682161109759,7.3010464833292765,2.433682161109759,0,0,0,26.77050377220735
WOS_000281895100001,0,0,0,0,0,0,0,0,0,0,0,0,0,0,0,0,0,0,0,0,0,0,22.865853658536583,0,0
WOS_000281895100002,0,0,11.614401858304298,0,0,0,0,0,3.8714672861014323,11.614401858304298,0,3.8714672861014323,0,0,0,0,0,0,3.8714672861014323,0,0,0,0,0,0
WOS_000282968700001,0,9.871668311944719,0,0,0,0,0,0,0,2.4679170779861797,0,0,7.403751233958539,0,0,0,0,0,0,0,0,0,0,0,0
WOS_000285365800010,18.220467658669907,9.110233829334954,18.220467658669907,0,0,0,0,0,3.0367446097783177,3.0367446097783177,0,0,0,0,0,0,0,0,0,0,0,0,0,0,0
WOS_000285782600022,0,6.844626967830253,0,0,0,0,0,2.2815423226100844,0,13.689253935660506,0,6.844626967830253,4.563084645220169,0,6.844626967830253,0,0,0,0,0,0,0,0,0,4.563084645220169
WOS_000286889500006,8.972633467922835,2.2431583669807087,0,0,0,0,0,0,0,15.702108568864963,0,2.2431583669807087,4.486316733961417,0,0,0,0,0,0,0,0,0,0,0,0
WOS_000288361800006,15.521924718665113,69.84866123399301,19.402405898331395,3.8804811796662784,31.043849437330227,15.521924718665113,23.28288707799767,0,62.087698874660454,46.56577415599534,0,0,69.84866123399301,11.641443538998836,23.28288707799767,0,0,0,0,3.8804811796662784,0,0,0,0,11.641443538998836
WOS_000288884700278,0,0,0,0,0,0,0,0,0,0,0,66.06110652353426,0,0,0,0,0,0,0,0,0,0,0,0,0
WOS_000290839400011,12.534469791927801,32.589621459012285,386.0616695913763,7.520681875156681,5.01378791677112,1.25344697919278,0,0,6.267234895963901,2.50689395838556,0,0,12.534469791927801,0,0,0,1.25344697919278,0,0,1.25344697919278,0,0,0,0,3.7603409375783405
WOS_000292864400006,4.832085044696787,31.408552790529114,2.4160425223483935,0,9.664170089393574,0,0,0,0,0,0,0,2.4160425223483935,0,0,0,0,0,0,0,0,0,0,0,0
WOS_000292865200009,93.16770186335404,5.64652738565782,0,0,0,0,0,0,2.82326369282891,22.58610954263128,0,0,2.82326369282891,0,2.82326369282891,0,0,0,0,0,0,0,2.82326369282891,0,0
WOS_000296182100009,23.783098144918345,1.5855398763278896,0,0,15.855398763278895,0,0,0,0,9.513239257967339,0,11.098779134295228,11.098779134295228,0,0,0,1.5855398763278896,0,0,0,4.756619628983669,3.1710797526557792,4.756619628983669,0,0
WOS_000297874800003,0,12.340600575894694,0,4.113533525298231,238.58494446729742,8.227067050596462,0,0,0,16.454134101192924,0,0,4.113533525298231,0,0,0,0,0,0,0,20.567667626491154,0,4.113533525298231,0,4.113533525298231
WOS_000298960400004,2.6939655172413794,5.387931034482759,0,0,0,0,10.775862068965518,2.6939655172413794,0,2.6939655172413794,0,8.081896551724137,43.10344827586207,0,2.6939655172413794,0,0,0,0,2.6939655172413794,0,0,43.10344827586207,0,13.469827586206897
WOS_000300491300006,0,0,0,0,5.605381165919282,0,0,0,0,0,0,5.605381165919282,0,0,0,0,0,0,0,0,0,0,0,0,0
WOS_000303176500006,8.253094910591471,0,283.3562585969739,0,0,0,16.506189821182943,0,0,33.012379642365886,0,0,5.502063273727647,0,0,0,0,0,0,0,0,0,0,0,0
WOS_000305561000003,20.904102430101904,20.904102430101904,15.67807682257643,0,23.517115233864647,0,5.226025607525476,2.613012803762738,5.226025607525476,5.226025607525476,0,7.839038411288215,31.35615364515286,0,5.226025607525476,0,0,0,0,0,2.613012803762738,0,0,0,0
WOS_000306278900038,6.079027355623101,176.29179331306992,0,0,6.079027355623101,6.079027355623101,0,0,0,0,0,0,30.3951367781155,0,0,0,0,0,0,36.4741641337386,0,0,0,0,498.4802431610942
WOS_000307421600006,6.553693474393783,44.939612395843085,3.7449676996535906,0,1.8724838498267953,0.9362419249133976,3.7449676996535906,0,2.808725774740193,82.38928939237898,0,0,65.53693474393783,0,5.617451549480386,0,0,0,0,6.553693474393783,4.681209624566988,0.9362419249133976,0,0,6.553693474393783
WOS_000308790200007,10.06441223832528,6.038647342995168,0,0,2.0128824476650564,0,0,0,14.090177133655395,0,0,2.0128824476650564,18.115942028985508,0,0,0,0,0,0,0,0,0,10.06441223832528,0,4.025764895330113
WOS_000309091300007,0,0,0,0,0,115.4068090017311,11.54068090017311,0,0,11.54068090017311,0,0,5.770340450086555,0,0,0,0,0,0,0,0,0,0,0,5.770340450086555
WOS_000309388900066,47.38213693437574,56.85856432125089,149.2537313432836,7.107320540156361,0,0,0,0,26.060175313906658,184.7903340440654,0,2.369106846718787,49.75124378109452,0,0,0,0,0,0,7.107320540156361,0,0,0,0,2.369106846718787
WOS_000311783300001,39.51426368542791,23.13030069390902,15.420200462606013,0,7.710100231303007,0,0.9637625289128758,0,0,2.8912875867386276,0,2.8912875867386276,10.601387818041635,0,4.81881264456438,0,0,0,0,1.9275250578257517,0,0,0,0,8.673862760215883
WOS_000312415400002,52.74514504914889,11.987532965715657,0,4.795013186286262,26.372572524574444,2.397506593143131,0,0,2.397506593143131,11.987532965715657,0,0,16.78254615200192,0,0,0,2.397506593143131,0,0,0,16.78254615200192,0,0,0,4.795013186286262
WOS_000313387400002,8.043758043758043,4.826254826254826,1.6087516087516087,0,8.043758043758043,3.2175032175032174,4.826254826254826,0,3.2175032175032174,54.69755469755469,0,1.6087516087516087,11.26126126126126,3.2175032175032174,1.6087516087516087,0,0,0,0,1.6087516087516087,40.21879021879022,0,3.2175032175032174,0,98.13384813384815
WOS_000313496400183,11.235955056179776,0,11.235955056179776,0,11.235955056179776,0,0,0,0,11.235955056179776,0,0,0,0,0,0,0,0,0,0,0,0,0,0,0
WOS_000315299400005,12.684989429175475,38.05496828752643,1.409443269908386,4.2283298097251585,66.24383368569414,1.409443269908386,25.36997885835095,0,12.684989429175475,22.551092318534177,0,8.456659619450317,42.28329809725159,0,35.236081747709655,0,0,0,0,0,7.047216349541931,0,0,0,4.2283298097251585
WOS_000315365100028,0,46.60797514241326,5.178663904712583,0,5.178663904712583,0,0,0,10.357327809425167,0,0,0,88.03728638011393,0,0,0,0,15.535991714137753,0,36.25064733298809,0,0,0,0,0
WOS_000323867500019,2.390628735357399,9.562514941429596,16.734401147501792,0,2.390628735357399,4.781257470714798,0,0,0,2.390628735357399,0,0,59.76571838393498,0,0,4.781257470714798,0,0,0,0,2.390628735357399,2.390628735357399,16.734401147501792,0,0
WOS_000324111200003,0,0,0,0,0,0,0,0,6.561679790026247,0,0,0,0,0,0,0,0,0,0,0,0,0,0,0,6.561679790026247
WOS_000324606900021,14.966325767024195,32.42703916188575,9.977550511349465,2.4943876278373662,9.977550511349465,4.9887752556747325,0,0,9.977550511349465,7.483162883512097,2.4943876278373662,19.95510102269893,14.966325767024195,0,0,0,0,0,0,0,2.4943876278373662,0,0,0,12.47193813918683
WOS_000324654700007,0,9.466708740927738,0,0,6.311139160618492,9.466708740927738,0,0,0,25.244556642473967,3.155569580309246,0,12.622278321236983,0,0,0,0,3.155569580309246,0,6.311139160618492,3.155569580309246,0,9.466708740927738,0,3.155569580309246
WOS_000326246400001,23.328149300155523,3.1104199066874028,3.1104199066874028,0,48.211508553654745,0,0,0,3.1104199066874028,18.662519440124417,0,37.32503888024883,13.996889580093312,0,4.665629860031104,0,0,0,0,1.5552099533437014,13.996889580093312,0,0,0,3.1104199066874028
WOS_000326405300030,2.099517111064455,37.79130799916019,0,0,0,0,0,6.298551333193366,0,10.497585555322276,0,29.39323955490237,8.39806844425782,0,0,0,0,0,0,2.099517111064455,6.298551333193366,0,4.19903422212891,0,0
WOS_000329081100010,34.5950345950346,14.245014245014247,6.105006105006105,0,8.14000814000814,0,26.455026455026452,0,0,42.73504273504274,0,0,34.5950345950346,0,0,0,0,0,0,0,2.035002035002035,0,0,0,14.245014245014247
WOS_000334183700002,17.084282460136674,0,0,0,3.7965072133637054,0,0,0,0,7.593014426727411,0,0,5.694760820045558,0,0,0,0,0,0,0,0,0,0,0,0
WOS_000335089100006,4.110996916752312,8.221993833504625,0,0,47.276464542651595,0,0,0,76.05344295991777,0,0,0,4.110996916752312,2.055498458376156,4.110996916752312,0,0,0,0,0,0,0,0,0,2.055498458376156
WOS_000336828500001,7.552870090634441,0,11.329305135951662,0,3.7764350453172204,0,0,0,0,22.658610271903324,0,0,15.105740181268882,0,0,0,0,0,0,0,26.435045317220546,0,3.7764350453172204,0,15.105740181268882
WOS_000339125800048,0,12.5,62.5,0,0,0,0,0,0,75,0,18.75,12.5,0,0,0,0,0,0,6.25,0,0,0,0,381.25
WOS_000345722100017,2.254283137962128,4.508566275924256,2.254283137962128,0,0,4.508566275924256,0,0,4.508566275924256,22.54283137962128,0,6.762849413886385,15.779981965734896,0,4.508566275924256,0,0,0,0,0,0,0,2.254283137962128,0,218.6654643823264
WOS_000350916400011,4.3122035360068995,14.374011786689666,0,2.874802357337933,5.749604714675866,1.4374011786689664,22.998418858703463,0,2.874802357337933,2.874802357337933,0,0,24.43582003737243,0,1.4374011786689664,0,0,0,0,0,0,0,0,0,0
WOS_000351470100015,0,15.424164524421595,0,0,20.56555269922879,0,5.141388174807197,0,0,0,0,0,0,0,0,0,0,0,0,0,0,0,0,0,0
WOS_000352824500003,3.669724770642202,7.339449541284404,0,0,0,0,0,0,0,14.678899082568808,3.669724770642202,22.018348623853214,51.37614678899082,0,0,0,0,0,0,0,7.339449541284404,0,0,0,7.339449541284404
WOS_000354777800004,0,10.821046936291085,2.705261734072771,0,1.3526308670363856,2.705261734072771,44.636818612200734,0,0,14.878939537400244,0,0,4.057892601109158,0,0,0,0,0,0,0,0,0,0,0,0
WOS_000355218900009,2.150075252633842,0,0,0,6.450225757901526,0,0,0,0,4.300150505267684,0,2.150075252633842,6.450225757901526,0,2.150075252633842,0,0,0,0,0,0,2.150075252633842,19.35067727370458,0,8.600301010535368
WOS_000357738300005,39.41441441441441,24.3993993993994,0,0,22.52252252252252,0,0,0,0,22.52252252252252,0,0,11.26126126126126,0,0,0,0,0,0,0,0,0,0,0,3.7537537537537538
WOS_000358454500012,12.556504269211452,42.692114515318934,0,0,7.533902561526871,0,0,0,0,5.022601707684581,0,0,15.067805123053741,0,5.022601707684581,0,0,0,0,0,0,0,0,0,0
WOS_000359496800032,28.868360277136258,5.773672055427252,0,0,2.886836027713626,34.64203233256351,0,0,0,0,5.773672055427252,0,103.92609699769052,0,23.094688221709006,0,0,34.64203233256351,0,63.510392609699764,0,0,0,0,5.773672055427252
WOS_000359645200007,18.254053473639,21.47535702781059,4.295071405562117,0,3.221303554171588,0,0,0,0,52.61462471813594,0,3.221303554171588,10.737678513905294,0,13.958982068076882,0,1.0737678513905293,0,0,1.0737678513905293,0,0,0,0,2.1475357027810587
WOS_000360084700003,12.303149606299213,7.381889763779528,4.921259842519685,0,0,0,0,0,2.4606299212598426,36.90944881889764,0,0,194.38976377952756,0,0,0,0,0,0,0,0,0,27.066929133858267,0,0
WOS_000361472300010,7.223693715386468,2.4078979051288223,0,0,0,0,2.4078979051288223,0,0,7.223693715386468,0,4.815795810257645,101.13171201541056,0,0,0,0,0,0,0,0,0,0,0,9.63159162051529
WOS_000361522200010,0,5.621135469364812,11.242270938729623,0,0,5.621135469364812,28.10567734682406,0,5.621135469364812,5.621135469364812,0,0,22.484541877459247,0,0,0,0,0,0,264.19336706014616,0,0,0,0,16.863406408094434
WOS_000363306500001,17.215407789972026,1.0759629868732516,4.303851947493007,0,8.607703894986013,2.1519259737465033,0,0,0,3.2278889606197545,0,0,69.93759414676136,0,0,0,0,2.1519259737465033,0,6.455777921239509,0,0,93.60877985797289,0,0
WOS_000364024300010,3.049245311785333,9.147735935356,0,0,0,0,0,1.5246226558926665,0,19.820094526604667,0,16.770849214819332,21.344717182497334,0,1.5246226558926665,0,0,0,0,0,3.049245311785333,0,0,0,9.147735935356
WOS_000364226900017,8.195041999590249,4.097520999795124,40.97520999795124,0,0,2.048760499897562,0,0,0,45.07273099774636,0,0,6.146281499692686,6.146281499692686,0,0,0,0,0,0,12.292562999385371,0,0,0,2.048760499897562
WOS_000367103200012,2.4975024975024973,0,0,0,2.4975024975024973,0,0,0,0,2.4975024975024973,0,0,2.4975024975024973,0,0,0,0,0,0,0,0,0,0,0,0
WOS_000367310600030,8.4530853761623,2.113271344040575,0,0,0,0,2.113271344040575,0,0,23.24598478444632,0,0,12.679628064243449,0,0,0,0,0,0,0,0,0,0,0,2.113271344040575
WOS_000367407000093,67.88866259334691,0,13.577732518669382,0,2.2629554197782302,0,11.314777098891152,0,0,13.577732518669382,0,0,6.788866259334691,0,0,0,0,0,0,0,2.2629554197782302,0,0,0,2.2629554197782302
WOS_000369005000005,16.802688430148823,72.01152184349496,0,0,2.4003840614498317,0,0,0,4.8007681228996635,26.404224675948154,0,2.4003840614498317,12.00192030724916,0,2.4003840614498317,0,0,0,0,0,0,0,0,0,0
WOS_000369429000006,142.33576642335765,0,7.299270072992701,0,3.6496350364963503,0,0,0,0,25.547445255474454,0,3.6496350364963503,3.6496350364963503,0,0,0,0,0,0,0,0,0,0,0,0
WOS_000369852600010,22.84595300261097,6.527415143603133,3.2637075718015667,0,3.2637075718015667,0,0,0,0,22.84595300261097,0,13.054830287206267,3.2637075718015667,0,0,0,0,0,0,0,3.2637075718015667,0,0,0,0
WOS_000369964100003,61.219684483164585,16.48222274546739,0,0,2.354603249352484,0,2.354603249352484,0,0,68.28349423122204,0,25.900635742877324,7.0638097480574515,0,2.354603249352484,0,0,0,0,0,11.77301624676242,0,0,0,63.57428773251708
WOS_000370070900124,3.9866551962903123,7.343838519482154,0.4196479153989803,0.20982395769949014,27.906586374032187,0.20982395769949014,1.0491197884974506,3.567007280891332,2.098239576994901,5.875070815585723,0,0,7.134014561782664,16.9957405736587,1.678591661595921,0.4196479153989803,0,0,4.825951027088273,2.5178874923938817,228.49828993474475,0,3.357183323191842,0,17.205564531358192
WOS_000370953700006,2.3696682464454977,2.3696682464454977,0,0,4.739336492890995,0,0,0,40.28436018957346,2.3696682464454977,0,2.3696682464454977,2.3696682464454977,0,0,0,0,0,0,0,0,0,0,0,2.3696682464454977
WOS_000373375800011,0,0,0,0,14.705882352941176,0,0,0,0,0,0,0,49.01960784313725,0,0,0,0,0,4.901960784313726,0,0,0,0,0,0
WOS_000373376100007,2.208480565371025,0,0,0,2.208480565371025,0,0,0,0,0,0,4.41696113074205,2.208480565371025,0,0,0,0,0,0,0,0,0,15.459363957597173,0,0
WOS_000375087800007,6.127450980392156,10.212418300653596,0,0,6.127450980392156,0,0,0,0,0,0,0,8.169934640522875,0,0,0,0,0,0,0,2.042483660130719,0,2.042483660130719,0,2.042483660130719
WOS_000376880700049,8.667013347200555,0,36.40145605824233,0,0,0,0,12.133818686080778,41.60166406656267,15.600624024960998,0,1.733402669440111,0,0,0,0,0,0,0,0,0,0,0,0,0
WOS_000377532200004,152.14723926380367,2.4539877300613497,4.9079754601226995,0,12.269938650306749,0,2.4539877300613497,0,0,66.25766871165644,0,2.4539877300613497,2.4539877300613497,0,0,0,0,0,0,0,0,0,0,0,2.4539877300613497
WOS_000378732500012,0,14.88833746898263,0,0,2.4813895781637716,0,7.444168734491315,0,0,9.925558312655086,0,4.962779156327543,0,0,0,0,0,0,0,2.4813895781637716,0,0,2.4813895781637716,0,0
WOS_000379935200032,2.6295030239284776,31.55403628714173,0,0,2.6295030239284776,13.147515119642387,0,0,0,0,7.888509071785433,0,63.10807257428346,0,31.55403628714173,0,0,0,0,39.44254535892716,0,0,2.6295030239284776,0,0
WOS_000380065400008,24.710131153773048,5.70233795856301,26.61091047329405,1.9007793195210037,15.20623455616803,5.70233795856301,22.80935183425204,1.9007793195210037,1.9007793195210037,260.4067667743775,0,1.9007793195210037,28.511689792815055,0,3.8015586390420073,0,0,0,0,7.603117278084015,114.04675917126022,0,19.007793195210038,0,1.9007793195210037
WOS_000380484400045,0,16.402405686167302,5.4674685620557675,0,5.4674685620557675,0,0,5.4674685620557675,0,10.934937124111535,0,0,0,0,0,0,0,0,0,0,0,0,0,0,0
WOS_000383343400009,109.05853549966614,2.2256843979523704,13.354106387714223,0,6.677053193857112,0,0,2.2256843979523704,0,2.2256843979523704,0,4.451368795904741,2.2256843979523704,0,0,0,0,0,0,0,4.451368795904741,0,0,0,0
WOS_000383568800001,10.183299389002036,16.972165648336727,0,0,0,0,0,16.972165648336727,3.3944331296673456,13.577732518669382,0,23.761031907671416,6.788866259334691,0,0,0,0,0,0,0,0,0,0,0,0
WOS_000383883100007,0,5.7257371886630395,2.8628685943315197,0,0,8.588605782994561,0,0,2.8628685943315197,8.588605782994561,0,2.8628685943315197,8.588605782994561,0,0,0,0,0,0,0,0,0,0,0,0
WOS_000384384900019,8.289582757667864,151.9756838905775,5.5263885051119095,5.5263885051119095,5.5263885051119095,5.5263885051119095,0,0,8.289582757667864,193.42359767891685,0,2.7631942525559547,19.342359767891683,2.7631942525559547,0,0,0,5.5263885051119095,0,0,0,0,0,0,46.974302293451224
WOS_000385369000001,8.203445447087777,8.203445447087777,26.661197703035274,0,0,0,2.0508613617719442,0,4.1017227235438884,18.457752255947497,0,0,10.25430680885972,0,6.152584085315833,0,0,0,0,2.0508613617719442,0,0,0,0,4.1017227235438884
WOS_000385427100004,16.789791806581597,26.86366689053056,0,0,6.71591672263264,3.35795836131632,0,0,3.35795836131632,6.71591672263264,6.71591672263264,0,3.35795836131632,0,0,0,0,0,0,13.43183344526528,6.71591672263264,0,0,0,0
WOS_000385436000001,0,0,0,0,0,0,0,0,0,0,0,0,0,0,0,0,0,0,0,0,0,0,0,0,0
WOS_000387208900011,6.500541711809318,2.1668472372697725,6.500541711809318,0,0,0,0,0,2.1668472372697725,19.50162513542795,0,2.1668472372697725,43.33694474539545,0,21.668472372697725,0,0,0,0,0,0,0,0,0,2.1668472372697725
WOS_000388181700007,13.245033112582782,0,3.3112582781456954,0,0,0,0,0,0,3.3112582781456954,0,0,0,0,0,0,0,0,0,0,0,0,0,0,0
WOS_000388274700008,56.86433793663688,2.0308692120227456,2.0308692120227456,0,14.21608448415922,0,0,0,0,58.89520714865963,0,0,8.123476848090982,0,0,0,0,0,0,0,0,0,0,0,0
WOS_000388912300009,13.103706476974915,16.847622613253463,9.35979034069637,3.7439161362785476,1.8719580681392738,0,7.487832272557095,0,16.847622613253463,11.231748408835642,0,1.8719580681392738,3.7439161362785476,1.8719580681392738,1.8719580681392738,0,0,0,0,9.35979034069637,9.35979034069637,0,0,0,31.823287158367652
WOS_000389444800017,9.514747859181732,7.136060894386299,2.378686964795433,0,0,26.16555661274976,0,0,0,19.029495718363464,0,0,59.46717411988582,0,0,0,0,0,0,2.378686964795433,0,0,0,0,0
WOS_000392079500067,160.60371517027866,7.739938080495357,9.674922600619196,0,1.9349845201238391,1.9349845201238391,0,9.674922600619196,0,11.609907120743033,0,7.739938080495357,23.219814241486066,0,15.479876160990713,0,3.8699690402476783,0,0,25.154798761609907,3.8699690402476783,0,0,0,0
WOS_000393717600059,0,0,0,0,0,4.448398576512456,0,0,0,17.793594306049823,0,0,0,8.896797153024911,4.448398576512456,0,0,0,0,0,4.448398576512456,0,4.448398576512456,0,8.896797153024911
WOS_000394374100019,23.144027060708563,1.7803097739006588,16.02278796510593,0,8.901548869503294,0,0,0,0,21.363717286807905,0,12.46216841730461,1.7803097739006588,0,0,0,0,0,0,3.5606195478013176,1.7803097739006588,0,0,0,0
WOS_000395478300006,36.82624707063944,0,3.3478406427854037,0,0,0,0,0,0,6.695681285570807,0,0,3.3478406427854037,0,3.3478406427854037,0,0,0,0,0,0,0,0,0,3.3478406427854037
WOS_000395824000003,45.95940252776714,11.489850631941785,34.469551895825354,0,0,0,0,0,0,0,0,0,3.8299502106472616,0,0,0,0,0,0,0,0,0,0,0,53.61930294906166
WOS_000398175200002,0,70.04669779853235,0,0,0,0,0,0,3.33555703802535,3.33555703802535,0,0,6.6711140760507,0,0,0,0,0,0,0,0,0,0,0,0
WOS_000398923500011,54.94505494505495,27.472527472527474,0,0,0,0,0,0,0,0,0,27.472527472527474,0,0,0,0,0,0,0,0,0,0,0,0,0
WOS_000400985300029,7.073386383731211,14.146772767462423,5.305039787798408,0,1.7683465959328029,0,0,1.7683465959328029,3.5366931918656057,7.073386383731211,0,0,12.37842617152962,0,3.5366931918656057,0,0,0,0,0,0,0,3.5366931918656057,0,1.7683465959328029
WOS_000402058100016,6.5659881812212735,0,0,0,45.961917268548916,0,0,6.5659881812212735,0,6.5659881812212735,0,0,6.5659881812212735,0,0,0,0,0,0,0,0,0,0,0,0
WOS_000402352900018,83.71590602214421,0,0,0,0,0,2.7005130974885225,5.401026194977045,0,21.60410477990818,27.005130974885226,0,8.101539292465569,0,0,5.401026194977045,0,0,0,0,0,0,13.502565487442613,0,5.401026194977045
WOS_000403565100001,9.49667616334283,18.99335232668566,0,0,0,0,0,0,0,37.98670465337132,0,9.49667616334283,18.99335232668566,0,0,0,0,0,0,0,0,0,0,0,0
WOS_000404256900006,82.05998868138087,2.829654782116582,0,0,2.829654782116582,0,0,0,0,22.637238256932655,0,0,2.829654782116582,0,0,0,0,0,0,0,0,0,14.148273910582908,0,2.829654782116582
WOS_000404997600019,1.9249278152069296,198.26756496631376,0,0,19.249278152069298,0,0,0,1.9249278152069296,119.34552454282965,0,0,13.474494706448509,1.9249278152069296,0,0,0,7.699711260827718,0,0,1.9249278152069296,0,1.9249278152069296,0,69.29740134744947
WOS_000405314300085,0,30.175015087507543,0,0,0,0,0,24.140012070006037,0,6.035003017501509,0,0,162.94508147254072,0,6.035003017501509,0,0,0,0,0,0,0,0,0,6.035003017501509
WOS_000405751000002,2.077706212341575,41.5541242468315,4.15541242468315,0,2.077706212341575,6.233118637024725,2.077706212341575,0,2.077706212341575,51.94265530853937,0,2.077706212341575,24.9324745480989,0,2.077706212341575,8.3108248493663,0,14.543943486391026,0,0,4.15541242468315,0,2.077706212341575,0,20.77706212341575
WOS_000406002600003,4.18147606104955,8.3629521220991,20.907380305247752,2.090738030524775,54.35918879364416,2.090738030524775,0,0,0,35.54254651892118,0,0,29.270332427346855,2.090738030524775,16.7259042441982,0,0,0,0,0,16.7259042441982,0,2.090738030524775,0,31.36107045787163
WOS_000408176400002,6.273525721455457,18.820577164366373,0,0,94.10288582183186,0,0,0,6.273525721455457,31.36762860727729,0,0,18.820577164366373,0,0,0,0,0,0,0,0,0,6.273525721455457,0,0
WOS_000408192300011,8.976660682226212,10.472770795930579,4.488330341113106,0,1.4961101137043686,0,0,0,0,8.976660682226212,0,1.4961101137043686,4.488330341113106,0,0,0,0,0,0,0,1.4961101137043686,0,0,0,0
WOS_000408341600004,16.117890858853325,75.98434262030854,9.210223347916186,0,57.56389592447617,0,4.605111673958093,0,4.605111673958093,2.3025558369790464,0,2.3025558369790464,43.74856090260189,0,0,0,2.3025558369790464,0,0,9.210223347916186,0,0,0,0,0
WOS_000410533900006,0,15.596568754873928,109.17598128411748,36.3919937613725,5.198856251624642,0,0,0,2.599428125812321,12.997140629061608,0,0,15.596568754873928,0,0,0,0,0,0,0,0,0,0,0,15.596568754873928
WOS_000412100000003,8.445945945945946,23.64864864864865,8.445945945945946,0,15.202702702702704,0,5.0675675675675675,0,0,28.716216216216218,0,0,3.3783783783783785,0,0,0,0,0,0,3.3783783783783785,0,0,0,0,0
WOS_000415740100019,11.755485893416928,0,3.9184952978056424,0,0,0,0,0,0,0,0,0,0,0,0,0,0,0,0,0,0,0,0,0,0
WOS_000416272400002,97.89807083213361,34.55226029369422,0,0,2.879355024474518,0,0,0,0,14.396775122372588,0,0,0,0,0,0,0,0,0,0,0,0,0,0,0
WOS_000416939400011,0,12.881064834693001,0,0,2.1468441391155,2.1468441391155,0,0,92.3142979819665,0,0,0,2.1468441391155,0,0,0,0,0,0,0,0,0,0,0,0
WOS_000418482000004,3.244646333549643,6.489292667099286,0,0,21.090201168072678,0,8.111615833874108,0,1.6223231667748215,3.244646333549643,0,0,8.111615833874108,0,8.111615833874108,0,0,0,0,1.6223231667748215,1.6223231667748215,0,0,0,4.866969500324465
WOS_000419477800014,11.003521126760564,59.41901408450704,2.2007042253521125,0,8.80281690140845,0,0,0,0,13.204225352112676,0,0,57.21830985915493,2.2007042253521125,0,0,0,0,0,0,0,0,2.2007042253521125,0,0
WOS_000421711000005,0,0,0,0,0,0,0,0,219.7802197802198,0,0,0,0,0,0,0,0,0,0,0,0,0,0,0,0
WOS_000424882900008,144.92753623188406,0,121.26589766341318,0,0,0,0,0,0,2.957704821058858,0,0,0,0,0,0,0,0,0,8.873114463176575,0,0,0,0,5.915409642117716
WOS_000425578000004,102.16591744993869,10.21659174499387,0,0,2.043318348998774,2.043318348998774,0,0,0,40.86636697997548,0,0,6.129955046996322,0,0,0,0,0,0,2.043318348998774,0,0,0,0,0
WOS_000426308500020,23.709167544783984,60.590094836670175,0,0,2.6343519494204424,0,0,0,2.6343519494204424,2.6343519494204424,0,5.268703898840885,15.806111696522656,0,0,0,0,0,2.6343519494204424,13.171759747102213,0,0,0,0,15.806111696522656
WOS_000426336500001,69.40792933010832,54.685035229782315,1.0516352928804291,0,0,0,1.0516352928804291,0,1.0516352928804291,22.08434115048901,0,1.0516352928804291,3.154905878641287,0,0,0,0,0,0,1.0516352928804291,1.0516352928804291,0,1.0516352928804291,0,10.516352928804292
WOS_000426364900008,0,0,0,0,8.371703641691084,0,0,0,0,0,0,4.185851820845542,8.371703641691084,0,0,0,0,0,0,0,0,0,0,0,0
WOS_000426867600025,101.60680529300566,224.48015122873346,252.83553875236294,0,0,0,7.088846880907373,2.3629489603024574,2.3629489603024574,9.45179584120983,0,2.3629489603024574,0,0,0,0,0,0,0,0,0,0,0,0,9.45179584120983
WOS_000427210800016,24.131274131274132,43.43629343629344,0,0,50.67567567567568,0,2.413127413127413,0,12.065637065637066,19.305019305019304,0,4.826254826254826,12.065637065637066,0,2.413127413127413,0,0,0,0,7.239382239382239,0,0,0,0,31.37065637065637
WOS_000427212200006,97.75171065493646,9.775171065493646,12.218963831867057,4.887585532746823,0,4.887585532746823,7.331378299120234,0,2.4437927663734116,14.662756598240469,0,0,36.65689149560117,0,0,0,0,0,0,0,0,0,4.887585532746823,0,0
WOS_000427501800002,0,0,0,0,0,0,0,0,0,29.76190476190476,0,0,29.76190476190476,0,0,0,0,0,0,0,0,0,0,0,0
WOS_000429303500010,100,0,0,0,0,0,0,0,0,33.333333333333336,0,0,0,0,0,0,0,0,0,0,0,0,0,0,0
WOS_000430090000010,7.902639481586849,41.09372530425162,0,0,44.25478109688636,0,1.5805278963173701,3.1610557926347402,0,12.644223170538961,0,4.74158368895211,9.48316737790422,0,0,0,0,0,0,0,17.38580685949107,1.5805278963173701,3.1610557926347402,0,0
WOS_000434040000033,25.641025641025642,0,0,0,10.256410256410257,0,0,0,0,10.256410256410257,0,0,0,0,0,0,0,0,0,0,0,0,0,0,0
WOS_000434977100022,6.371455877668048,6.371455877668048,0,0,12.742911755336095,0,12.742911755336095,3.185727938834024,0,6.371455877668048,0,3.185727938834024,0,0,0,0,0,0,0,0,0,0,0,0,0
WOS_000434977100024,2.835270768358378,0,0,0,0,0,11.341083073433513,0,0,28.35270768358378,0,0,8.505812305075134,0,0,0,0,0,0,0,0,0,0,0,0
WOS_000435111800017,20.228025009194557,80.91210003677823,0,0,1.8389113644722326,0,1.8389113644722326,0,5.516734093416697,3.677822728944465,0,3.677822728944465,11.033468186833394,5.516734093416697,11.033468186833394,0,0,0,0,0,0,0,0,0,0
WOS_000436223800006,14.300572022880914,5.200208008320334,0,0,27.30109204368175,1.3000520020800834,0,0,1.3000520020800834,11.700468018720748,0,0,6.500260010400416,0,0,0,0,0,0,0,9.100364014560583,0,0,0,20.800832033281335
WOS_000437281100008,1.1290504685559444,21.451958902562943,0,0,1.1290504685559444,0,1.1290504685559444,1.1290504685559444,6.774302811335667,12.419555154115388,0,0,14.677656091227277,1.1290504685559444,20.322908434007,0,0,0,0,1.1290504685559444,9.032403748447555,0,2.2581009371118888,0,0
WOS_000437392800004,1.8853695324283561,11.312217194570136,0,1.8853695324283561,9.42684766214178,0,60.3318250377074,1.8853695324283561,7.541478129713425,5.656108597285068,0,0,9.42684766214178,3.7707390648567123,1.8853695324283561,0,0,0,1.8853695324283561,13.197586726998493,1.8853695324283561,1.8853695324283561,1.8853695324283561,1.8853695324283561,15.08295625942685
WOS_000438220000006,11.106997408367272,11.106997408367272,0,0,0,0,0,0,0,7.404664938911514,0,22.213994816734544,7.404664938911514,0,0,0,0,0,0,0,0,0,0,0,0
WOS_000440407500017,0,4.704775346977182,0,0,2.352387673488591,2.352387673488591,0,0,0,7.057163020465773,0,4.704775346977182,9.409550693954364,0,0,0,0,0,0,0,0,0,0,0,0
WOS_000442466900001,37.453183520599254,2.675227394328518,5.350454788657036,0,2.675227394328518,0,0,0,0,2.675227394328518,0,2.675227394328518,10.700909577314071,0,5.350454788657036,0,0,0,0,0,0,0,0,0,0
WOS_000442704500019,0,2.1294718909710393,0,0,2.1294718909710393,0,2.1294718909710393,0,4.258943781942079,21.29471890971039,0,0,17.035775127768314,0,4.258943781942079,0,0,0,0,0,0,2.1294718909710393,17.035775127768314,0,6.388415672913117
WOS_000443688900022,11.337868480725623,3.779289493575208,0,0,18.89644746787604,0,0,0,0,0,0,0,56.68934240362812,0,0,0,0,0,0,0,0,0,3.779289493575208,0,0
WOS_000446288300001,7.958615200955034,15.917230401910068,3.979307600477517,7.958615200955034,11.937922801432551,0,11.937922801432551,0,11.937922801432551,0,0,0,3.979307600477517,3.979307600477517,11.937922801432551,0,0,0,0,7.958615200955034,3.979307600477517,0,0,0,31.834460803820136
WOS_000446288300007,0,9.398496240601503,4.6992481203007515,0,4.6992481203007515,9.398496240601503,0,0,9.398496240601503,18.796992481203006,0,0,14.097744360902254,0,0,0,0,37.59398496240601,0,0,0,0,0,0,4.6992481203007515
WOS_000446288300012,1.8577001671930151,11.14620100315809,0,1.8577001671930151,9.288500835965074,0,59.446405350176484,1.8577001671930151,7.4308006687720605,5.573100501579045,0,0,9.288500835965074,3.7154003343860302,1.8577001671930151,0,0,0,1.8577001671930151,13.003901170351106,1.8577001671930151,1.8577001671930151,1.8577001671930151,1.8577001671930151,14.861601337544121
WOS_000447947600009,27.603513174404014,7.52823086574655,0,0,2.509410288582183,0,5.018820577164366,2.509410288582183,2.509410288582183,0,0,2.509410288582183,0,0,2.509410288582183,0,0,0,0,0,0,0,2.509410288582183,0,0
WOS_000451664800001,4.155124653739612,20.775623268698062,0,0,1.3850415512465375,0,0,9.695290858725762,0,0,0,1.3850415512465375,2.770083102493075,0,0,0,0,0,2.770083102493075,0,0,0,0,0,1.3850415512465375
WOS_000452396000010,52.257695762227485,96.35012656160691,0.8165264962848044,0,34.294112843961784,2.4495794888544133,3.266105985139218,9.798317955417653,9.798317955417653,101.24928553931575,0.8165264962848044,4.899158977708827,16.330529925696087,0,0,0,0,0,0,6.532211970278436,2.4495794888544133,0,0.8165264962848044,0,23.679268392259328
WOS_000452580100005,4.749841671944268,53.831538948701706,44.33185560481318,0,4.749841671944268,0,0,0,30.082330588980366,68.08106396453451,0,6.333122229259025,74.41418619379354,0,3.1665611146295123,0,0,0,0,0,0,0,1.5832805573147561,0,376.82077264091197
WOS_000452655400008,13.383894713361588,82.53401739906312,60.227526210127145,46.84363149676556,4.461298237787196,15.614543832255187,2.230649118893598,4.461298237787196,0,95.91791211242472,0,0,6.691947356680794,0,0,0,0,0,0,0,0,0,0,0,301.1376310506357
WOS_000453684500007,8.526360665056131,0,8.526360665056131,0,5.684240443370754,0,8.526360665056131,1.4210601108426886,8.526360665056131,27.000142106011083,0,1.4210601108426886,39.78968310359528,0,0,0,0,0,0,1.4210601108426886,0,0,0,0,0
WOS_000454171400009,2.2558087074216107,9.023234829686443,0,2.2558087074216107,9.023234829686443,4.511617414843221,2.2558087074216107,0,0,2.2558087074216107,0,4.511617414843221,4.511617414843221,0,0,0,0,0,0,0,2.2558087074216107,0,0,0,0
WOS_000456505200004,86.5460267505901,7.867820613690008,0,0,62.942564909520065,0,0,0,0,15.735641227380016,0,0,23.603461841070022,0,0,0,0,0,0,7.867820613690008,157.35641227380015,0,7.867820613690008,0,0
WOS_000456754900003,57.69588684161548,7.4446305602084495,1.8611576400521124,0,3.7223152801042247,0,0,0,3.7223152801042247,14.889261120416899,0,0,5.583472920156337,0,0,0,0,0,0,0,0,0,0,0,0
WOS_000456857400007,0,53.79557680812911,1.9924287706714485,0,1.9924287706714485,1.9924287706714485,1.9924287706714485,0,0,3.984857541342897,0,9.962143853357244,1.9924287706714485,0,0,0,0,0,0,1.9924287706714485,0,0,0,0,0
WOS_000456983000012,21.106941838649156,21.106941838649156,2.345215759849906,0,21.106941838649156,0,0,2.345215759849906,0,14.071294559099437,0,7.0356472795497185,14.071294559099437,0,4.690431519699812,0,0,0,0,0,0,0,0,0,0
WOS_000457358000035,8.421052631578949,42.10526315789473,0,0,21.052631578947366,8.421052631578949,0,0,0,33.684210526315795,0,0,0,0,0,0,0,0,0,0,0,0,16.842105263157897,0,0
WOS_000457638100005,7.275372862859221,0,0,0,10.913059294288832,0,0,0,3.6376864314296107,0,0,0,0,0,0,0,0,0,0,0,0,0,0,0,0
WOS_000457829800004,2.188662727073758,30.64127817903261,0,0,0,6.5659881812212735,0,4.377325454147516,0,6.5659881812212735,0,0,0,0,8.754650908295032,0,0,0,0,2.188662727073758,0,0,4.377325454147516,0,0
WOS_000459020800004,2.042483660130719,59.23202614379085,2.042483660130719,0,0,0,34.72222222222222,0,0,32.6797385620915,0,0,6.127450980392156,4.084967320261438,0,0,0,0,0,0,0,0,4.084967320261438,0,4.084967320261438
WOS_000460310400009,9.750390015600624,13.650546021840874,0,0,7.800312012480499,0,0,0,0,0,0,0,1.9500780031201248,0,0,0,0,0,0,0,0,0,0,0,0
WOS_000460979800004,27.71478961955152,5.039052658100277,0,0,0,2.5195263290501386,2.5195263290501386,0,0,0,0,0,0,0,0,0,0,0,0,0,0,0,0,0,0
WOS_000461350900001,1.4963339817447254,19.45234176268143,76.313033068981,4.489001945234176,5.985335926978902,0,0,0,5.985335926978902,32.91934759838396,0,55.364357324554845,73.32036510549155,0,0,0,5.985335926978902,0,0,1.4963339817447254,0,0,1.4963339817447254,0,4.489001945234176
WOS_000462037200006,13.076168682576006,19.61425302386401,22.88329519450801,0,6.538084341288003,0,0,0,0,22.88329519450801,0,9.807126511932005,0,0,3.2690421706440014,0,0,0,0,0,0,0,0,0,0
WOS_000466555000003,2.738225629791895,0,0,0,0,0,0,0,0,8.214676889375685,0,0,16.42935377875137,0,2.738225629791895,0,0,0,0,0,0,0,8.214676889375685,0,0
WOS_000467661300014,2.314814814814815,0,0,0,0,46.29629629629629,0,2.314814814814815,0,20.833333333333332,0,0,2.314814814814815,0,0,0,0,0,0,0,0,0,0,0,0
WOS_000469239700005,18.62968329538398,64.16890912854483,2.06996481059822,4.13992962119644,16.55971848478576,16.55971848478576,0,0,10.3498240529911,26.909542537776858,0,0,45.53922583316084,0,18.62968329538398,0,0,0,0,2.06996481059822,6.20989443179466,2.06996481059822,2.06996481059822,0,12.41978886358932
WOS_000471071800003,2.3450782669871604,38.10752183854136,2.3450782669871604,1.1725391334935802,3.517617400480741,0.5862695667467901,0.5862695667467901,5.862695667467902,7.6215043677082726,22.864513103124814,0,14.070469601922964,19.346895702644076,1.7588087002403705,14.070469601922964,0,0,0,0,10.552852201442223,0,0,0,0,59.7994958081726
WOS_000471332800009,12.583892617449663,134.2281879194631,0,0,0,0,0,0,0,20.973154362416107,0,0,8.389261744966444,0,0,0,0,0,0,4.194630872483222,0,0,0,0,385.90604026845637
WOS_000471722900007,0,0,0,0,3.8550501156515034,0,0,0,0,0,0,0,50.11565150346954,0,0,0,0,0,0,0,0,0,0,0,0
WOS_000472024300068,38.2521700750331,11.76989848462557,0,0,5.884949242312785,0,0,0,0,14.712373105781962,0,5.884949242312785,4.413711931734588,0,1.4712373105781962,0,0,0,0,0,4.413711931734588,0,1.4712373105781962,0,73.5618655289098
WOS_000472093600001,14.521315216263872,30.079867233689452,16.595788818587284,0,4.148947204646821,0,0,13.484078415102168,0,0,0,1.0372368011617052,1.0372368011617052,0,0,0,0,0,2.0744736023234105,0,0,0,0,0,0
WOS_000476826200006,6.6166740185266875,4.411116012351124,0,0,4.411116012351124,2.205558006175562,2.205558006175562,0,2.205558006175562,2.205558006175562,0,0,33.08337009263344,0,0,0,0,0,0,2.205558006175562,0,0,0,0,2.205558006175562
WOS_000482712400019,2.588326646822829,41.413226349165264,1.2941633234114145,0,5.176653293645658,5.176653293645658,0,0,0,67.29649281739356,0,56.943186230102235,18.118286527759803,0,10.353306587291316,0,0,0,0,0,3.8824899702342437,0,0,0,2.588326646822829
WOS_000483699600007,6.77621548365238,1.694053870913095,28.798915805522615,1.694053870913095,5.082161612739285,0,0,0,0,33.881077418261896,0,5.082161612739285,1.694053870913095,0,3.38810774182619,0,0,0,0,1.694053870913095,0,0,20.32864645095714,0,3.38810774182619
WOS_000484404700004,9.970089730807576,8.308408109006315,0,0,1.6616816218012627,0,0,0,0,0,0,1.6616816218012627,39.880358923230304,0,0,0,0,0,0,0,0,0,9.970089730807576,0,0
WOS_000485940100001,0,0,0,0,0,0,0,0,0,67.11409395973155,0,0,33.557046979865774,0,0,0,0,0,0,0,0,0,0,0,0
WOS_000485940100015,9.609074716415112,5.6248242242429924,0.9374707040404987,1.1718383800506236,4.921721196212618,1.1718383800506236,5.3904565482328675,0,0.70310302803037406,11.01528077247586,0,0,7.734133308334115,0.23436767601012468,0.70310302803037406,0,0,0,0,1.4062060560607481,0.9374707040404987,0,0.9374707040404987,0,3.9842504921721194
WOS_000486699000001,8.849557522123893,26.548672566371682,0,0,0,44.24778761061947,0,0,0,79.64601769911505,0,0,4.424778761061947,0,0,0,0,0,0,8.849557522123893,0,0,0,0,0
WOS_000486761100001,81.6326530612245,0,0,0,0,0,0,0,0,40.81632653061225,0,0,0,0,0,0,0,0,0,0,0,0,0,0,40.81632653061225
WOS_000488344700001,10.615711252653927,19.10828025477707,0,0,4.246284501061571,0,0,0,0,8.492569002123142,0,2.1231422505307855,6.369426751592356,0,0,0,0,0,0,0,0,0,4.246284501061571,0,23.35456475583864
WOS_000488993500052,4.770992366412213,16.698473282442748,0,0,2.3854961832061066,2.3854961832061066,0,2.3854961832061066,50.09541984732824,9.541984732824426,0,7.156488549618321,4.770992366412213,0,0,0,0,0,0,0,0,0,0,0,0
WOS_000490071900001,4.116073266104136,10.290183165260341,2.058036633052068,0,26.75447622967689,0,2.058036633052068,0,6.174109899156205,74.08931878987445,0,6.174109899156205,8.232146532208272,0,8.232146532208272,0,0,0,0,2.058036633052068,12.34821979831241,0,0,0,2.058036633052068
WOS_000490161700001,20.06420545746388,16.051364365971107,2.0064205457463884,0,0,2.0064205457463884,0,0,0,26.08346709470305,0,90.28892455858748,0,0,0,0,0,0,0,0,0,0,0,0,0
WOS_000493729600181,28.63278453829635,0,0,0,0,0,0,0,0,14.316392269148174,0,14.316392269148174,14.316392269148174,0,0,0,0,0,0,7.158196134574087,286.3278453829635,0,0,0,0
WOS_000494940000015,6.844626967830253,54.757015742642025,6.844626967830253,0,0,0,0,34.223134839151264,0,41.06776180698152,0,0,95.82477754962353,0,0,0,0,0,0,6.844626967830253,0,0,0,0,6.844626967830253
WOS_000495505900001,0,0,0,0,3.6751194413818453,0,0,0,0,3.6751194413818453,0,0,0,0,0,0,0,0,0,0,0,0,0,0,3.6751194413818453
WOS_000497091000016,0,0,0,0,0,0,0,0,0,0,0,0,0,0,0,0,0,0,0,0,0,0,0,0,0
WOS_000499699100004,18.983336848766083,46.403712296983755,2.109259649862898,0,0,0,0,2.109259649862898,0,4.218519299725796,0,0,8.437038599451592,0,0,0,0,0,0,0,0,0,0,0,2.109259649862898
WOS_000508553900019,32.350826743350105,21.56721782890007,0,0,3.5945363048166787,3.5945363048166787,0,0,0,17.97268152408339,0,0,0,0,0,0,0,0,0,0,0,0,0,0,0
WOS_000510072600001,7.853403141361257,125.65445026178011,0,0,2.617801047120419,0,0,0,5.235602094240838,0,0,2.617801047120419,28.795811518324605,0,7.853403141361257,0,0,0,0,146.59685863874347,0,0,13.089005235602095,0,39.26701570680628
WOS_000512631500003,14.955134596211368,19.940179461615152,0,0,9.970089730807576,0,0,0,4.985044865403788,0,0,0,4.985044865403788,0,0,0,0,0,0,0,0,0,0,0,0
WOS_000513529400001,2.3207240659085637,9.282896263634255,0,0,2.3207240659085637,0,0,0,0,4.6414481318171275,0,2.3207240659085637,2.3207240659085637,0,0,0,0,0,0,2.3207240659085637,0,0,0,0,0
WOS_000514022500013,0,5.030181086519115,0,0,2.5150905432595576,0,0,40.24144869215292,0,10.06036217303823,0,5.030181086519115,60.36217303822937,0,52.816901408450704,0,0,0,0,0,0,0,25.15090543259557,0,0
WOS_000515589600001,17.416545718432513,46.44412191582003,0,0,301.8867924528302,0,0,0,2.9027576197387517,0,0,0,5.805515239477503,0,5.805515239477503,0,0,0,0,0,0,0,0,0,0
WOS_000517175000001,9.616925789389326,16.02820964898221,1.6028209648982208,0,0,0,0,1.6028209648982208,8.014104824491104,11.219746754287545,0,11.219746754287545,20.83667254367687,0,0,0,0,0,0,0,0,0,1.6028209648982208,0,0
WOS_000519135100002,7.027406886858749,35.137034434293746,0,1.7568517217146873,61.48981026001405,1.7568517217146873,66.76036542515811,0,5.270555165144061,93.11314125087843,0,5.270555165144061,59.732958538299364,0,17.568517217146873,0,0,0,0,0,5.270555165144061,0,0,0,7.027406886858749
WOS_000528216500018,0,0,51.89028910303929,0,0,7.4128984432913265,0,3.7064492216456633,0,18.532246108228318,0,0,0,3.7064492216456633,0,0,0,0,0,0,0,0,3.7064492216456633,0,229.79985174203114
WOS_000530559500002,19.598236158745713,0,0,0,4.899559039686428,0,0,0,0,0,0,4.899559039686428,0,0,0,0,0,0,0,0,0,0,0,0,0
WOS_000536871000002,66.06312698801077,2.446782481037436,0,0,2.446782481037436,0,0,0,0,24.467824810374356,0,85.63738683631024,0,0,0,0,0,0,0,2.446782481037436,0,0,2.446782481037436,0,0
WOS_000537238200004,7.487832272557095,14.97566454511419,112.31748408835642,1.8719580681392738,3.7439161362785476,18.71958068139274,5.615874204417821,0,13.103706476974915,18.71958068139274,0,0,11.231748408835642,0,0,0,0,0,0,0,0,0,1.8719580681392738,0,5.615874204417821
WOS_000542228000001,15.088645794039985,43.379856657864956,1.8860807242549982,0,11.31648434552999,0,3.7721614485099964,0,3.7721614485099964,1.8860807242549982,0,0,5.658242172764995,0,1.8860807242549982,0,0,0,0,0,0,0,0,0,37.72161448509996
WOS_000547689600001,6.5563022455335185,4.9172266841501395,0,1.6390755613833796,29.503360104900835,1.6390755613833796,0,0,11.473528929683658,1.6390755613833796,0,0,16.390755613833797,1.6390755613833796,1.6390755613833796,0,0,0,0,0,4.9172266841501395,1.6390755613833796,0,0,3.2781511227667592
WOS_000548406700001,55.1844321812373,0,0,0,0,0,0,0,0,11.617775196049957,0,0,0,0,0,0,0,0,0,0,0,0,0,0,0
WOS_000549594700005,10.107816711590297,20.215633423180595,16.846361185983827,0,0,0,0,0,0,3.369272237196766,0,0,3.369272237196766,0,0,0,0,0,0,0,0,0,0,0,0
WOS_000551216400001,21.07164358819988,6.020469596628537,19.566526189042747,0,18.06140878988561,0,3.0102347983142685,0,0,21.07164358819988,0,6.020469596628537,4.515352197471403,0,1.5051173991571343,0,0,0,0,3.0102347983142685,1.5051173991571343,0,0,0,0
WOS_000556843900049,9.211495946941783,16.58069270449521,1.8422991893883567,0,12.896094325718495,1.8422991893883567,0,0,0,35.003684598378776,0,0,11.053795136330141,0,18.422991893883566,0,0,0,0,0,3.6845983787767134,0,0,0,0
WOS_000557739100001,66.36250518457071,2.0738282870178346,2.0738282870178346,0,0,0,4.147656574035669,0,0,10.369141435089176,2.0738282870178346,2.0738282870178346,10.369141435089176,0,0,0,0,0,0,0,0,0,0,0,0
WOS_000561370700026,45.12322110378341,24.297119055883375,0,0,0,0,0,0,0,8.677542519958347,0,0,0,0,0,0,0,0,0,0,0,0,0,0,0
WOS_000563251600001,2.678810608090008,5.357621216180016,0,0,21.430484864720064,0,2.678810608090008,2.678810608090008,2.678810608090008,0,0,0,0,2.678810608090008,0,0,0,0,0,0,0,0,0,0,0
WOS_000566439200001,2.442002442002442,17.094017094017094,0,0,12.21001221001221,0,0,0,0,2.442002442002442,0,2.442002442002442,0,0,4.884004884004884,0,0,0,0,0,0,0,0,0,26.862026862026863
WOS_000566489300004,49.9457111834962,4.3431053203040175,4.3431053203040175,0,17.37242128121607,0,2.1715526601520088,0,6.514657980456026,36.91639522258415,0,6.514657980456026,15.200868621064062,0,2.1715526601520088,0,6.514657980456026,0,0,0,8.686210640608035,2.1715526601520088,0,0,36.91639522258415
WOS_000574939000005,2.3612750885478158,0,0,0,0,0,0,0,0,11.806375442739078,0,0,4.7225501770956315,0,0,0,0,0,0,0,0,0,0,0,0
WOS_000576968700013,6.186204763377668,7.732755954222085,0,0,1.546551190844417,1.546551190844417,0,0,4.63965357253325,13.918960717599752,0,0,9.2793071450665,1.546551190844417,0,0,0,0,0,1.546551190844417,21.651716671821838,0,7.732755954222085,0,0
WOS_000582877700011,0,0,0,0,0,0,0,0,0,13.761467889908257,0,4.587155963302752,4.587155963302752,0,0,0,0,0,0,0,0,0,0,0,0
WOS_000583328300001,3.2862306933946765,32.86230693394676,9.85869208018403,0,0,0,0,0,0,0,0,0,6.572461386789353,0,0,0,3.2862306933946765,0,0,0,3.2862306933946765,0,0,0,0
WOS_000587379300001,10.06036217303823,18.108651911468815,58.35010060362173,0,96.579476861167,0,0,4.0241448692152915,0,22.132796780684103,0,2.0120724346076457,12.072434607645874,0,0,0,0,0,0,0,0,0,0,0,0
WOS_000591909300001,32.015065913371,3.766478342749529,0,0,0,1.8832391713747645,0,0,3.766478342749529,5.649717514124294,0,0,24.48210922787194,0,0,0,0,0,0,0,0,0,3.766478342749529,0,1.8832391713747645
WOS_000592555500001,119.12359072537758,4.25441395447777,17.01765581791108,0,0,0,0,0,0,0,0,31.90810465858328,0,0,0,0,0,0,0,0,0,0,0,0,2.127206977238885
WOS_000594912300001,0,7.323324789454412,0,0,18.30831197363603,0,0,1.830831197363603,5.492493592090809,1.830831197363603,0,0,0,0,0,0,0,0,0,1.830831197363603,0,0,0,0,0
WOS_000597450300001,40.261701056869654,0,0,0,0,0,5.032712632108707,0,0,1.6775708773695688,0,3.3551417547391376,3.3551417547391376,0,0,0,0,0,0,57.037409830565345,0,0,0,0,1.6775708773695688
WOS_000599333300001,14.863258026159334,32.69916765755053,0,0,2.9726516052318668,0,2.9726516052318668,0,0,92.15219976218786,0,8.9179548156956,2.9726516052318668,0,0,0,0,0,0,0,11.890606420927467,0,2.9726516052318668,0,0
WOS_000601582100001,18.529956763434217,18.529956763434217,2.0588840848260244,0,6.176652254478073,10.294420424130122,2.0588840848260244,0,8.235536339304097,12.353304508956146,0,2.0588840848260244,20.588840848260244,0,0,0,0,0,0,2.0588840848260244,0,0,4.117768169652049,0,10.294420424130122
WOS_000603299300009,0,0,0,0,10.162601626016261,0,0,0,0,10.162601626016261,0,15.24390243902439,35.56910569105691,0,0,0,0,0,0,0,0,0,0,0,0
WOS_000608025900062,0,0,0,0,0,0,33.44481605351171,0,0,33.44481605351171,0,0,0,0,33.44481605351171,0,0,0,0,0,0,0,0,0,0
WOS_000610104300008,19.2466318394281,16.497113005224087,0,0,2.7495188342040144,0,0,0,0,8.248556502612043,0,0,16.497113005224087,0,0,0,0,0,0,0,0,0,0,0,0
WOS_000614730600001,7.613826709304097,12.182122734886553,0,0,13.704888076747375,0,0,0,0,1.5227653418608191,0,16.75041876046901,0,0,0,0,0,0,0,0,0,0,1.5227653418608191,0,0
WOS_000617656200001,157.90612156608265,99.50248756218905,0,0,0,0,0,0,6.489292667099286,12.978585334198572,0,2.1630975556997623,6.489292667099286,0,0,0,0,0,0,21.63097555699762,0,0,0,0,0
WOS_000625584200001,5.523844595838703,5.523844595838703,5.523844595838703,0,64.4448536181182,1.8412815319462346,0,7.365126127784938,1.8412815319462346,11.047689191677406,0,1.8412815319462346,7.365126127784938,0,1.8412815319462346,0,0,0,0,0,3.682563063892469,0,9.206407659731173,0,0
WOS_000630204700004,0,0,0,0,0,4.992511233150275,0,0,0,4.992511233150275,0,139.7903145282077,0,0,0,0,0,0,0,0,0,0,0,0,0
WOS_000632610000003,235.39302227826818,4.203446826397646,44.13619167717529,0,0,0,2.101723413198823,0,0,60.94997898276587,0,0,8.406893652795292,0,0,0,0,0,0,0,0,0,4.203446826397646,0,2.101723413198823
WOS_000641833000001,18.95734597156398,12.63823064770932,0,0,12.63823064770932,22.11690363349131,0,0,6.31911532385466,12.63823064770932,3.15955766192733,0,107.42496050552921,9.47867298578199,0,0,25.27646129541864,0,0,9.47867298578199,0,0,3.15955766192733,0,15.797788309636651
WOS_000643685200018,8.592910848549947,2.1482277121374866,2.1482277121374866,0,12.889366272824919,0,0,0,0,10.741138560687432,0,2.1482277121374866,4.296455424274973,0,0,0,0,0,0,0,0,0,0,0,0
WOS_000645054200001,2.2527596305474207,18.022077044379365,22.52759630547421,0,2.2527596305474207,0,0,4.505519261094841,0,22.52759630547421,0,2.2527596305474207,11.263798152737104,0,0,0,0,0,0,0,0,0,29.285875197116468,0,2.2527596305474207
WOS_000645800900005,10.21972406745018,81.75779253960144,5.10986203372509,0,7.664793050587634,0,0,0,0,0,0,0,5.10986203372509,0,0,0,0,0,2.554931016862545,2.554931016862545,0,0,0,0,5.10986203372509
WOS_000647731600009,0,0,0,0,0,0,0,0,0,0,0,0,0,0,0,0,0,0,0,0,0,0,0,0,0
WOS_000654240200001,5.425935973955507,32.555615843733044,0,0,3.6172906493036714,0,0,1.8086453246518357,0,3.6172906493036714,0,0,9.043226623259178,0,1.8086453246518357,0,0,0,0,0,0,0,0,0,3.6172906493036714
WOS_000655133600005,32.065964269354104,190.105359596885,0,0,6.871278057718736,6.871278057718736,0,4.580852038479157,13.742556115437472,0,6.871278057718736,0,96.1978928080623,2.2904260192395784,6.871278057718736,0,4.580852038479157,6.871278057718736,0,68.71278057718736,0,0,6.871278057718736,0,9.161704076958314
WOS_000657379700001,5.215123859191656,2.607561929595828,5.215123859191656,2.607561929595828,5.215123859191656,0,5.215123859191656,0,0,31.290743155149933,0,52.15123859191656,5.215123859191656,0,0,0,0,0,0,0,0,0,0,0,10.430247718383312
WOS_000681080700001,39.8406374501992,0,0,0,7.968127490039841,0,0,0,0,11.952191235059761,0,0,0,0,0,0,0,0,0,0,0,0,0,0,3.9840637450199203
WOS_000681331000001,3.667705849990831,45.84632312488539,1.8338529249954154,0,44.01247019988997,0,0,0,1.8338529249954154,5.501558774986246,0,5.501558774986246,1.8338529249954154,0,0,0,0,0,0,1.8338529249954154,1.8338529249954154,0,0,0,0
WOS_000684561100029,0,0,0,0,0,0,0,0,0,0,0,0,0,0,0,0,0,0,0,0,0,0,0,0,0
WOS_000687414200002,0,3.7728730428221087,0,0,24.52367477834371,0,0,0,0,0,0,5.659309564233164,0,0,0,0,0,0,1.8864365214110543,0,0,0,7.545746085644217,0,1.8864365214110543
WOS_A1945XX03400012,0,0,0,0,0,0,0,0,0,0,0,0,0,0,0,0,0,0,0,0,0,0,0,0,0
WOS_A1954UZ52100008,0,0,4.506534474988734,0,0,0,0,0,4.506534474988734,31.545741324921135,0,4.506534474988734,0,0,0,0,0,0,0,0,0,0,0,0,0
WOS_A1956WR62000022,0,0,0,0,0,0,0,0,0,0,0,37.59398496240601,0,0,0,0,0,0,0,0,0,0,0,0,0
WOS_A1964CHF2800002,0,5.621135469364812,0,0,5.621135469364812,0,0,0,0,0,0,0,0,0,0,0,0,0,0,0,0,0,0,0,0
WOS_A1967A010300004,0,0,0,0,0,3.9032006245121,0,0,0,0,0,15.6128024980484,3.9032006245121,0,0,0,0,0,0,3.9032006245121,0,0,0,0,0
WOS_A1970G276600015,0,30.816640986132512,0,0,0,0,0,0,0,0,0,7.704160246533128,0,0,0,0,0,0,0,0,0,0,0,0,0
WOS_A1972O075000010,0,0,5.146680391147711,0,15.440041173443129,0,0,0,0,0,0,0,0,0,0,0,0,0,0,5.146680391147711,0,0,0,0,0
WOS_A1974U892600002,0,23.062730627306273,23.062730627306273,0,13.837638376383763,0,4.612546125461255,0,0,0,0,0,0,0,9.22509225092251,0,0,0,0,0,0,0,0,0,0
WOS_A1980KU37400003,0,0,0,0,40.67796610169491,0,0,0,0,13.559322033898306,0,420.3389830508475,0,0,0,0,0,0,0,0,0,0,0,0,0
WOS_A1981LM55900001,3.835826620636747,3.835826620636747,19.179133103183737,0,11.507479861910241,0,0,0,0,0,0,172.61219792865361,3.835826620636747,0,3.835826620636747,0,0,0,0,0,0,0,0,0,0
WOS_A1983QM48400006,2.6455026455026456,7.936507936507937,0,0,63.492063492063494,0,0,0,0,0,0,10.582010582010582,2.6455026455026456,0,0,0,0,0,0,2.6455026455026456,0,0,2.6455026455026456,0,0
WOS_A1983QV03600098,0,0,40.70556309362279,0,0,0,122.11668928086839,0,0,13.568521031207597,0,0,0,0,0,0,0,0,0,0,0,0,0,0,0
WOS_A1983QX44800064,0,0,0,0,0,0,0,0,0,0,0,0,0,0,0,0,0,0,0,0,0,0,0,0,0
WOS_A1983RJ42000006,33.277870216306155,16.638935108153078,0,0,0,0,232.9450915141431,0,0,83.19467554076539,0,0,49.91680532445923,0,0,0,0,0,0,0,0,0,0,0,0
WOS_A1983RJ86800046,18.587360594795538,0,0,0,0,0,92.9368029739777,0,18.587360594795538,223.04832713754647,0,18.587360594795538,0,0,18.587360594795538,0,55.762081784386616,0,0,0,0,0,0,0,0
WOS_A1984SH92000008,0,0,0,0,0,0,108.52713178294573,0,0,46.51162790697674,0,0,15.503875968992247,0,0,0,0,0,0,0,0,0,0,0,0
WOS_A1984SZ73700012,0,11.848341232227488,0,11.848341232227488,0,0,308.0568720379147,0,0,71.09004739336493,0,0,11.848341232227488,0,0,0,0,0,0,0,0,0,0,0,0
WOS_A1985AXF5300009,7.513148009015778,30.05259203606311,0,0,0,0,0,0,7.513148009015778,0,0,0,7.513148009015778,0,0,0,0,0,0,0,0,0,0,0,0
WOS_A1987J530200021,0,12.417218543046358,0,0,0,0,0,0,16.556291390728475,4.139072847682119,0,0,8.278145695364238,0,0,0,0,0,0,0,0,0,0,0,0
WOS_A1989AF28800015,1.973164956590371,0,0,0,11.838989739542226,0,0,0,0,1.973164956590371,0,0,1.973164956590371,0,0,0,0,0,0,0,0,0,0,0,0
WOS_A1989AJ61000022,0,0,0,0,0,0,0,0,0,0,0,0,0,0,0,0,0,0,0,0,0,0,0,0,0
WOS_A1990DB85000015,0,0,0,0,0,0,0,0,0,0,0,0,8.097165991902834,0,0,0,0,0,0,0,0,0,0,0,0
WOS_A1990DX23900020,0,29.947591714499623,0,0,2.495632642874969,0,0,0,0,7.486897928624906,0,3.743448964312453,6.239081607187422,0,0,0,0,0,0,0,0,0,1.2478163214374844,0,0
WOS_A1990EU59600004,0,0,11.52073732718894,0,57.603686635944705,0,0,0,0,5.76036866359447,0,11.52073732718894,5.76036866359447,0,0,0,0,0,0,0,0,0,0,0,0
WOS_A1991FC75000045,0.5661872947571056,10.757558600385007,0,0,72.47197372890952,1.698561884271317,2.2647491790284224,0,1.1323745895142112,2.8309364737855285,0,2.8309364737855285,187.97418185935908,3.397123768542634,1.1323745895142112,0,0,0,0,1.698561884271317,0,0,1.1323745895142112,0,4.529498358056845
WOS_A1991GP45000023,184.72906403940888,0,0,0,0,0,0,0,0,0,0,0,0,0,0,0,0,0,0,0,0,0,0,0,0
WOS_A1992HL79100016,0,29.82107355864811,0,0,6.626905235255136,0,0,0,0,0,0,0,43.07488402915838,0,0,0,0,0,0,0,0,0,6.626905235255136,0,0
WOS_A1992JB55000002,75.02679528403002,32.154340836012864,0,0,17.86352268667381,0,0,0,0,7.145409074669525,0,121.47195426938192,7.145409074669525,0,0,0,0,0,0,35.72704537334762,7.145409074669525,0,0,0,3.5727045373347623
WOS_A1993KP06500011,0,24.189646831156267,0,0,4.837929366231253,14.513788098693759,0,0,0,4.837929366231253,0,0,14.513788098693759,4.837929366231253,9.675858732462506,0,0,0,0,0,0,0,0,0,0
WOS_A1993MJ66600014,7.9776625448743514,63.82130035899481,0,0,11.966493817311527,0,0,0,0,0,0,31.910650179497406,0,0,0,0,0,0,0,0,0,0,7.9776625448743514,0,0
WOS_A1994PE26700015,6.169031462060457,16.45075056549455,2.0563438206868185,0,4.112687641373637,0,0,0,0,4.112687641373637,0,4.112687641373637,10.281719103434094,0,0,0,2.0563438206868185,0,0,0,0,0,0,0,0
WOS_A1994PR64500003,0,3.7355248412401942,0,0,0,0,0,0,0,0,0,0,0,0,0,0,0,0,0,0,0,0,0,0,0
WOS_A1995RE89200025,2.0263424518743665,8.105369807497466,0,0,2.0263424518743665,0,0,0,40.52684903748734,0,0,0,6.079027355623101,0,0,0,0,0,0,0,0,0,0,0,0
WOS_A1995TP70700001,6.075334143377885,6.075334143377885,0,0,0,0,0,0,0,6.075334143377885,0,0,48.60267314702308,0,0,0,0,0,0,0,0,0,0,0,0
WOS_A1995TR05500049,8.084074373484235,8.084074373484235,0,0,8.084074373484235,8.084074373484235,97.00889248181085,0,0,218.27000808407436,0,0,145.51333872271624,0,0,0,0,0,0,0,0,0,0,0,24.25222312045271
WOS_A1996UB35100017,116.08623548922056,16.58374792703151,0,0,0,0,0,0,0,33.16749585406302,0,0,0,0,0,0,0,0,0,0,0,0,0,0,0
